Model,R2,Adjusted_R2,RMSE,MAE,CV_R2_Mean,CV_R2_Std
XGBoost,0.9753943819880965,0.9743061728376928,2.895269222381386,2.2549823801282427,0.9614737247003202,0.017493010346726463
Random Forest,0.9718837096153513,0.9706402373133275,3.0949299585160444,2.4391051691400376,0.9518893815772109,0.020756060604026478
Lasso Regression,0.9637938914420314,0.9621926384836937,3.512066572518594,2.7998981356121515,0.9712852847838864,0.006855766764916204
Ridge Regression,0.9603935623276457,0.9586419262635121,3.6732856827407563,2.9640213602092635,0.9707654739201086,0.006715285353696102
Linear Regression,0.9603764461419051,0.9586240530965839,3.6740793144390143,2.965088034064998,0.9707781260432264,0.006720962441321982
